site,sp,freq
s3293,Acer_rubrum,34
s3293,Anemone_quinquefolia,0
s3293,Apocynum_androsaemifolium,3
s3293,Aralia_nudicaulis,1
s3293,Aronia_melanocarpa,7
s3293,Aster_macrophyllus,1
s3293,Betula_papyrifera,1
s3293,Carex_spp,40
s3293,Comptonia_peregrina,1
s3293,Coptis_trifolia,0
s3293,Cornus_canadensis,1
s3293,Corylus_americana,0
s3293,Cypripedium_acaule,1
s3293,Diervilla_lonicera,2
s3293,Epigaea_repens,0
s3293,Euthamia_graminifolia,0
s3293,Fragaria_virginiana,0
s3293,Galium_triflorum,0
s3293,Gaultheria_procumbens,22
s3293,Gaylussacia_baccata,41
s3293,Hieracium_aurantiacum,0
s3293,Ilex_verticillata,8
s3293,Krigia_biflora,0
s3293,Lycopodium_clavatum,0
s3293,Lysimachia_quadrifolia,20
s3293,Maianthemum_canadense,8
s3293,Maianthemum_racemosum,0
s3293,Melampyrum_lineare,0
s3293,Mitchella_repens,0
s3293,Osmunda_cinnamomea,3
s3293,Osmunda_claytoniana,0
s3293,Phalaris_arundinacea,0
s3293,Pinus_banksiana,1
s3293,Pinus_resinosa,0
s3293,Pinus_strobus,0
s3293,Poa_spp,2
s3293,Populus_grandidentata,2
s3293,Populus_tremuloides,0
s3293,Potentilla_simplex,1
s3293,Prunus_serotina,19
s3293,Prunus_virginiana,0
s3293,Pyrola_rotundifolia,0
s3293,Quercus_alba,0
s3293,Quercus_ellipsoidalis,16
s3293,Rhamnus_frangula,0
s3293,Rosa_spp,0
s3293,Rubus_spp,46
s3293,Smilax_tamnoides,0
s3293,Spiraea_alba,1
s3293,Toxicodendron_rydbergii,0
s3293,Trientalis_borealis,14
s3293,Uvularia_sessilifolia,4
s3293,Vaccinium_angustifolium,43
s3293,Viburnum_acerifolium,0
s3293,Viola_spp,0
s3294,Acer_rubrum,40
s3294,Anemone_quinquefolia,0
s3294,Apocynum_androsaemifolium,1
s3294,Aralia_nudicaulis,1
s3294,Aronia_melanocarpa,10
s3294,Aster_macrophyllus,1
s3294,Betula_papyrifera,0
s3294,Carex_spp,10
s3294,Comptonia_peregrina,0
s3294,Coptis_trifolia,0
s3294,Cornus_canadensis,8
s3294,Corylus_americana,0
s3294,Cypripedium_acaule,4
s3294,Diervilla_lonicera,0
s3294,Epigaea_repens,1
s3294,Euthamia_graminifolia,0
s3294,Fragaria_virginiana,0
s3294,Galium_triflorum,0
s3294,Gaultheria_procumbens,16
s3294,Gaylussacia_baccata,33
s3294,Hieracium_aurantiacum,0
s3294,Ilex_verticillata,4
s3294,Krigia_biflora,0
s3294,Lycopodium_clavatum,11
s3294,Lysimachia_quadrifolia,5
s3294,Maianthemum_canadense,14
s3294,Maianthemum_racemosum,2
s3294,Melampyrum_lineare,0
s3294,Mitchella_repens,0
s3294,Osmunda_cinnamomea,3
s3294,Osmunda_claytoniana,0
s3294,Phalaris_arundinacea,0
s3294,Pinus_banksiana,0
s3294,Pinus_resinosa,0
s3294,Pinus_strobus,19
s3294,Poa_spp,0
s3294,Populus_grandidentata,0
s3294,Populus_tremuloides,0
s3294,Potentilla_simplex,0
s3294,Prunus_serotina,0
s3294,Prunus_virginiana,0
s3294,Pyrola_rotundifolia,0
s3294,Quercus_alba,1
s3294,Quercus_ellipsoidalis,14
s3294,Rhamnus_frangula,0
s3294,Rosa_spp,0
s3294,Rubus_spp,35
s3294,Smilax_tamnoides,0
s3294,Spiraea_alba,0
s3294,Toxicodendron_rydbergii,0
s3294,Trientalis_borealis,14
s3294,Uvularia_sessilifolia,0
s3294,Vaccinium_angustifolium,41
s3294,Viburnum_acerifolium,1
s3294,Viola_spp,0
s3295,Acer_rubrum,41
s3295,Anemone_quinquefolia,0
s3295,Apocynum_androsaemifolium,2
s3295,Aralia_nudicaulis,0
s3295,Aronia_melanocarpa,3
s3295,Aster_macrophyllus,0
s3295,Betula_papyrifera,0
s3295,Carex_spp,30
s3295,Comptonia_peregrina,0
s3295,Coptis_trifolia,2
s3295,Cornus_canadensis,5
s3295,Corylus_americana,0
s3295,Cypripedium_acaule,0
s3295,Diervilla_lonicera,0
s3295,Epigaea_repens,0
s3295,Euthamia_graminifolia,0
s3295,Fragaria_virginiana,0
s3295,Galium_triflorum,0
s3295,Gaultheria_procumbens,9
s3295,Gaylussacia_baccata,12
s3295,Hieracium_aurantiacum,0
s3295,Ilex_verticillata,1
s3295,Krigia_biflora,0
s3295,Lycopodium_clavatum,0
s3295,Lysimachia_quadrifolia,0
s3295,Maianthemum_canadense,25
s3295,Maianthemum_racemosum,0
s3295,Melampyrum_lineare,0
s3295,Mitchella_repens,2
s3295,Osmunda_cinnamomea,2
s3295,Osmunda_claytoniana,1
s3295,Phalaris_arundinacea,0
s3295,Pinus_banksiana,0
s3295,Pinus_resinosa,0
s3295,Pinus_strobus,45
s3295,Poa_spp,0
s3295,Populus_grandidentata,1
s3295,Populus_tremuloides,0
s3295,Potentilla_simplex,0
s3295,Prunus_serotina,3
s3295,Prunus_virginiana,0
s3295,Pyrola_rotundifolia,0
s3295,Quercus_alba,5
s3295,Quercus_ellipsoidalis,26
s3295,Rhamnus_frangula,0
s3295,Rosa_spp,0
s3295,Rubus_spp,0
s3295,Smilax_tamnoides,0
s3295,Spiraea_alba,0
s3295,Toxicodendron_rydbergii,0
s3295,Trientalis_borealis,25
s3295,Uvularia_sessilifolia,4
s3295,Vaccinium_angustifolium,39
s3295,Viburnum_acerifolium,0
s3295,Viola_spp,0
s3296,Acer_rubrum,28
s3296,Anemone_quinquefolia,0
s3296,Apocynum_androsaemifolium,1
s3296,Aralia_nudicaulis,0
s3296,Aronia_melanocarpa,1
s3296,Aster_macrophyllus,1
s3296,Betula_papyrifera,0
s3296,Carex_spp,46
s3296,Comptonia_peregrina,3
s3296,Coptis_trifolia,0
s3296,Cornus_canadensis,0
s3296,Corylus_americana,0
s3296,Cypripedium_acaule,0
s3296,Diervilla_lonicera,0
s3296,Epigaea_repens,0
s3296,Euthamia_graminifolia,0
s3296,Fragaria_virginiana,0
s3296,Galium_triflorum,0
s3296,Gaultheria_procumbens,2
s3296,Gaylussacia_baccata,6
s3296,Hieracium_aurantiacum,0
s3296,Ilex_verticillata,1
s3296,Krigia_biflora,0
s3296,Lycopodium_clavatum,0
s3296,Lysimachia_quadrifolia,0
s3296,Maianthemum_canadense,4
s3296,Maianthemum_racemosum,0
s3296,Melampyrum_lineare,1
s3296,Mitchella_repens,0
s3296,Osmunda_cinnamomea,0
s3296,Osmunda_claytoniana,0
s3296,Phalaris_arundinacea,0
s3296,Pinus_banksiana,0
s3296,Pinus_resinosa,0
s3296,Pinus_strobus,19
s3296,Poa_spp,6
s3296,Populus_grandidentata,1
s3296,Populus_tremuloides,0
s3296,Potentilla_simplex,3
s3296,Prunus_serotina,1
s3296,Prunus_virginiana,0
s3296,Pyrola_rotundifolia,0
s3296,Quercus_alba,1
s3296,Quercus_ellipsoidalis,50
s3296,Rhamnus_frangula,0
s3296,Rosa_spp,1
s3296,Rubus_spp,1
s3296,Smilax_tamnoides,0
s3296,Spiraea_alba,0
s3296,Toxicodendron_rydbergii,0
s3296,Trientalis_borealis,21
s3296,Uvularia_sessilifolia,1
s3296,Vaccinium_angustifolium,15
s3296,Viburnum_acerifolium,0
s3296,Viola_spp,0
s3297,Acer_rubrum,3
s3297,Anemone_quinquefolia,0
s3297,Apocynum_androsaemifolium,0
s3297,Aralia_nudicaulis,0
s3297,Aronia_melanocarpa,0
s3297,Aster_macrophyllus,0
s3297,Betula_papyrifera,0
s3297,Carex_spp,50
s3297,Comptonia_peregrina,4
s3297,Coptis_trifolia,0
s3297,Cornus_canadensis,0
s3297,Corylus_americana,0
s3297,Cypripedium_acaule,0
s3297,Diervilla_lonicera,0
s3297,Epigaea_repens,0
s3297,Euthamia_graminifolia,0
s3297,Fragaria_virginiana,0
s3297,Galium_triflorum,0
s3297,Gaultheria_procumbens,3
s3297,Gaylussacia_baccata,3
s3297,Hieracium_aurantiacum,0
s3297,Ilex_verticillata,0
s3297,Krigia_biflora,0
s3297,Lycopodium_clavatum,0
s3297,Lysimachia_quadrifolia,2
s3297,Maianthemum_canadense,6
s3297,Maianthemum_racemosum,0
s3297,Melampyrum_lineare,10
s3297,Mitchella_repens,0
s3297,Osmunda_cinnamomea,0
s3297,Osmunda_claytoniana,0
s3297,Phalaris_arundinacea,0
s3297,Pinus_banksiana,2
s3297,Pinus_resinosa,3
s3297,Pinus_strobus,21
s3297,Poa_spp,15
s3297,Populus_grandidentata,0
s3297,Populus_tremuloides,0
s3297,Potentilla_simplex,0
s3297,Prunus_serotina,2
s3297,Prunus_virginiana,0
s3297,Pyrola_rotundifolia,0
s3297,Quercus_alba,1
s3297,Quercus_ellipsoidalis,43
s3297,Rhamnus_frangula,0
s3297,Rosa_spp,0
s3297,Rubus_spp,0
s3297,Smilax_tamnoides,0
s3297,Spiraea_alba,0
s3297,Toxicodendron_rydbergii,0
s3297,Trientalis_borealis,0
s3297,Uvularia_sessilifolia,0
s3297,Vaccinium_angustifolium,24
s3297,Viburnum_acerifolium,0
s3297,Viola_spp,1
s3299,Acer_rubrum,31
s3299,Anemone_quinquefolia,0
s3299,Apocynum_androsaemifolium,1
s3299,Aralia_nudicaulis,0
s3299,Aronia_melanocarpa,5
s3299,Aster_macrophyllus,0
s3299,Betula_papyrifera,0
s3299,Carex_spp,12
s3299,Comptonia_peregrina,0
s3299,Coptis_trifolia,0
s3299,Cornus_canadensis,1
s3299,Corylus_americana,0
s3299,Cypripedium_acaule,2
s3299,Diervilla_lonicera,0
s3299,Epigaea_repens,0
s3299,Euthamia_graminifolia,0
s3299,Fragaria_virginiana,0
s3299,Galium_triflorum,0
s3299,Gaultheria_procumbens,4
s3299,Gaylussacia_baccata,32
s3299,Hieracium_aurantiacum,0
s3299,Ilex_verticillata,4
s3299,Krigia_biflora,0
s3299,Lycopodium_clavatum,0
s3299,Lysimachia_quadrifolia,0
s3299,Maianthemum_canadense,36
s3299,Maianthemum_racemosum,0
s3299,Melampyrum_lineare,0
s3299,Mitchella_repens,1
s3299,Osmunda_cinnamomea,2
s3299,Osmunda_claytoniana,0
s3299,Phalaris_arundinacea,0
s3299,Pinus_banksiana,0
s3299,Pinus_resinosa,0
s3299,Pinus_strobus,9
s3299,Poa_spp,0
s3299,Populus_grandidentata,0
s3299,Populus_tremuloides,0
s3299,Potentilla_simplex,0
s3299,Prunus_serotina,1
s3299,Prunus_virginiana,0
s3299,Pyrola_rotundifolia,0
s3299,Quercus_alba,0
s3299,Quercus_ellipsoidalis,8
s3299,Rhamnus_frangula,0
s3299,Rosa_spp,0
s3299,Rubus_spp,25
s3299,Smilax_tamnoides,0
s3299,Spiraea_alba,0
s3299,Toxicodendron_rydbergii,0
s3299,Trientalis_borealis,26
s3299,Uvularia_sessilifolia,1
s3299,Vaccinium_angustifolium,20
s3299,Viburnum_acerifolium,0
s3299,Viola_spp,0
s3300,Acer_rubrum,38
s3300,Anemone_quinquefolia,2
s3300,Apocynum_androsaemifolium,2
s3300,Aralia_nudicaulis,2
s3300,Aronia_melanocarpa,13
s3300,Aster_macrophyllus,1
s3300,Betula_papyrifera,0
s3300,Carex_spp,36
s3300,Comptonia_peregrina,0
s3300,Coptis_trifolia,0
s3300,Cornus_canadensis,0
s3300,Corylus_americana,1
s3300,Cypripedium_acaule,0
s3300,Diervilla_lonicera,2
s3300,Epigaea_repens,1
s3300,Euthamia_graminifolia,0
s3300,Fragaria_virginiana,0
s3300,Galium_triflorum,0
s3300,Gaultheria_procumbens,7
s3300,Gaylussacia_baccata,14
s3300,Hieracium_aurantiacum,0
s3300,Ilex_verticillata,7
s3300,Krigia_biflora,0
s3300,Lycopodium_clavatum,0
s3300,Lysimachia_quadrifolia,13
s3300,Maianthemum_canadense,4
s3300,Maianthemum_racemosum,0
s3300,Melampyrum_lineare,0
s3300,Mitchella_repens,0
s3300,Osmunda_cinnamomea,1
s3300,Osmunda_claytoniana,0
s3300,Phalaris_arundinacea,0
s3300,Pinus_banksiana,0
s3300,Pinus_resinosa,0
s3300,Pinus_strobus,1
s3300,Poa_spp,0
s3300,Populus_grandidentata,1
s3300,Populus_tremuloides,0
s3300,Potentilla_simplex,0
s3300,Prunus_serotina,9
s3300,Prunus_virginiana,0
s3300,Pyrola_rotundifolia,0
s3300,Quercus_alba,2
s3300,Quercus_ellipsoidalis,40
s3300,Rhamnus_frangula,0
s3300,Rosa_spp,1
s3300,Rubus_spp,31
s3300,Smilax_tamnoides,0
s3300,Spiraea_alba,1
s3300,Toxicodendron_rydbergii,0
s3300,Trientalis_borealis,5
s3300,Uvularia_sessilifolia,10
s3300,Vaccinium_angustifolium,35
s3300,Viburnum_acerifolium,0
s3300,Viola_spp,1
s3301,Acer_rubrum,44
s3301,Anemone_quinquefolia,0
s3301,Apocynum_androsaemifolium,0
s3301,Aralia_nudicaulis,0
s3301,Aronia_melanocarpa,7
s3301,Aster_macrophyllus,0
s3301,Betula_papyrifera,0
s3301,Carex_spp,48
s3301,Comptonia_peregrina,0
s3301,Coptis_trifolia,0
s3301,Cornus_canadensis,0
s3301,Corylus_americana,0
s3301,Cypripedium_acaule,0
s3301,Diervilla_lonicera,0
s3301,Epigaea_repens,4
s3301,Euthamia_graminifolia,0
s3301,Fragaria_virginiana,0
s3301,Galium_triflorum,0
s3301,Gaultheria_procumbens,7
s3301,Gaylussacia_baccata,24
s3301,Hieracium_aurantiacum,0
s3301,Ilex_verticillata,3
s3301,Krigia_biflora,0
s3301,Lycopodium_clavatum,0
s3301,Lysimachia_quadrifolia,2
s3301,Maianthemum_canadense,7
s3301,Maianthemum_racemosum,0
s3301,Melampyrum_lineare,1
s3301,Mitchella_repens,0
s3301,Osmunda_cinnamomea,1
s3301,Osmunda_claytoniana,0
s3301,Phalaris_arundinacea,0
s3301,Pinus_banksiana,0
s3301,Pinus_resinosa,0
s3301,Pinus_strobus,12
s3301,Poa_spp,1
s3301,Populus_grandidentata,1
s3301,Populus_tremuloides,0
s3301,Potentilla_simplex,0
s3301,Prunus_serotina,0
s3301,Prunus_virginiana,0
s3301,Pyrola_rotundifolia,0
s3301,Quercus_alba,1
s3301,Quercus_ellipsoidalis,50
s3301,Rhamnus_frangula,0
s3301,Rosa_spp,0
s3301,Rubus_spp,14
s3301,Smilax_tamnoides,0
s3301,Spiraea_alba,0
s3301,Toxicodendron_rydbergii,0
s3301,Trientalis_borealis,12
s3301,Uvularia_sessilifolia,3
s3301,Vaccinium_angustifolium,40
s3301,Viburnum_acerifolium,0
s3301,Viola_spp,0
s3302,Acer_rubrum,34
s3302,Anemone_quinquefolia,0
s3302,Apocynum_androsaemifolium,0
s3302,Aralia_nudicaulis,0
s3302,Aronia_melanocarpa,8
s3302,Aster_macrophyllus,0
s3302,Betula_papyrifera,0
s3302,Carex_spp,10
s3302,Comptonia_peregrina,0
s3302,Coptis_trifolia,1
s3302,Cornus_canadensis,2
s3302,Corylus_americana,0
s3302,Cypripedium_acaule,0
s3302,Diervilla_lonicera,0
s3302,Epigaea_repens,2
s3302,Euthamia_graminifolia,0
s3302,Fragaria_virginiana,0
s3302,Galium_triflorum,0
s3302,Gaultheria_procumbens,38
s3302,Gaylussacia_baccata,36
s3302,Hieracium_aurantiacum,0
s3302,Ilex_verticillata,6
s3302,Krigia_biflora,0
s3302,Lycopodium_clavatum,4
s3302,Lysimachia_quadrifolia,0
s3302,Maianthemum_canadense,4
s3302,Maianthemum_racemosum,2
s3302,Melampyrum_lineare,1
s3302,Mitchella_repens,20
s3302,Osmunda_cinnamomea,10
s3302,Osmunda_claytoniana,3
s3302,Phalaris_arundinacea,0
s3302,Pinus_banksiana,0
s3302,Pinus_resinosa,0
s3302,Pinus_strobus,26
s3302,Poa_spp,0
s3302,Populus_grandidentata,0
s3302,Populus_tremuloides,0
s3302,Potentilla_simplex,0
s3302,Prunus_serotina,2
s3302,Prunus_virginiana,0
s3302,Pyrola_rotundifolia,0
s3302,Quercus_alba,19
s3302,Quercus_ellipsoidalis,21
s3302,Rhamnus_frangula,0
s3302,Rosa_spp,0
s3302,Rubus_spp,11
s3302,Smilax_tamnoides,0
s3302,Spiraea_alba,0
s3302,Toxicodendron_rydbergii,0
s3302,Trientalis_borealis,21
s3302,Uvularia_sessilifolia,5
s3302,Vaccinium_angustifolium,24
s3302,Viburnum_acerifolium,0
s3302,Viola_spp,0
s3303,Acer_rubrum,45
s3303,Anemone_quinquefolia,0
s3303,Apocynum_androsaemifolium,9
s3303,Aralia_nudicaulis,0
s3303,Aronia_melanocarpa,2
s3303,Aster_macrophyllus,0
s3303,Betula_papyrifera,0
s3303,Carex_spp,21
s3303,Comptonia_peregrina,3
s3303,Coptis_trifolia,0
s3303,Cornus_canadensis,4
s3303,Corylus_americana,0
s3303,Cypripedium_acaule,0
s3303,Diervilla_lonicera,0
s3303,Epigaea_repens,1
s3303,Euthamia_graminifolia,0
s3303,Fragaria_virginiana,2
s3303,Galium_triflorum,0
s3303,Gaultheria_procumbens,5
s3303,Gaylussacia_baccata,17
s3303,Hieracium_aurantiacum,0
s3303,Ilex_verticillata,6
s3303,Krigia_biflora,0
s3303,Lycopodium_clavatum,4
s3303,Lysimachia_quadrifolia,0
s3303,Maianthemum_canadense,12
s3303,Maianthemum_racemosum,6
s3303,Melampyrum_lineare,2
s3303,Mitchella_repens,35
s3303,Osmunda_cinnamomea,6
s3303,Osmunda_claytoniana,0
s3303,Phalaris_arundinacea,0
s3303,Pinus_banksiana,0
s3303,Pinus_resinosa,0
s3303,Pinus_strobus,4
s3303,Poa_spp,0
s3303,Populus_grandidentata,2
s3303,Populus_tremuloides,0
s3303,Potentilla_simplex,0
s3303,Prunus_serotina,2
s3303,Prunus_virginiana,0
s3303,Pyrola_rotundifolia,0
s3303,Quercus_alba,18
s3303,Quercus_ellipsoidalis,26
s3303,Rhamnus_frangula,0
s3303,Rosa_spp,3
s3303,Rubus_spp,46
s3303,Smilax_tamnoides,0
s3303,Spiraea_alba,0
s3303,Toxicodendron_rydbergii,0
s3303,Trientalis_borealis,31
s3303,Uvularia_sessilifolia,6
s3303,Vaccinium_angustifolium,25
s3303,Viburnum_acerifolium,0
s3303,Viola_spp,1
s3304,Acer_rubrum,28
s3304,Anemone_quinquefolia,0
s3304,Apocynum_androsaemifolium,12
s3304,Aralia_nudicaulis,0
s3304,Aronia_melanocarpa,6
s3304,Aster_macrophyllus,6
s3304,Betula_papyrifera,1
s3304,Carex_spp,48
s3304,Comptonia_peregrina,10
s3304,Coptis_trifolia,0
s3304,Cornus_canadensis,0
s3304,Corylus_americana,0
s3304,Cypripedium_acaule,0
s3304,Diervilla_lonicera,0
s3304,Epigaea_repens,0
s3304,Euthamia_graminifolia,0
s3304,Fragaria_virginiana,0
s3304,Galium_triflorum,0
s3304,Gaultheria_procumbens,5
s3304,Gaylussacia_baccata,18
s3304,Hieracium_aurantiacum,1
s3304,Ilex_verticillata,0
s3304,Krigia_biflora,7
s3304,Lycopodium_clavatum,0
s3304,Lysimachia_quadrifolia,13
s3304,Maianthemum_canadense,18
s3304,Maianthemum_racemosum,0
s3304,Melampyrum_lineare,6
s3304,Mitchella_repens,0
s3304,Osmunda_cinnamomea,0
s3304,Osmunda_claytoniana,0
s3304,Phalaris_arundinacea,0
s3304,Pinus_banksiana,2
s3304,Pinus_resinosa,1
s3304,Pinus_strobus,1
s3304,Poa_spp,3
s3304,Populus_grandidentata,2
s3304,Populus_tremuloides,0
s3304,Potentilla_simplex,4
s3304,Prunus_serotina,11
s3304,Prunus_virginiana,0
s3304,Pyrola_rotundifolia,0
s3304,Quercus_alba,1
s3304,Quercus_ellipsoidalis,30
s3304,Rhamnus_frangula,0
s3304,Rosa_spp,7
s3304,Rubus_spp,50
s3304,Smilax_tamnoides,0
s3304,Spiraea_alba,0
s3304,Toxicodendron_rydbergii,0
s3304,Trientalis_borealis,1
s3304,Uvularia_sessilifolia,8
s3304,Vaccinium_angustifolium,42
s3304,Viburnum_acerifolium,0
s3304,Viola_spp,1
s3307,Acer_rubrum,23
s3307,Anemone_quinquefolia,13
s3307,Apocynum_androsaemifolium,14
s3307,Aralia_nudicaulis,1
s3307,Aronia_melanocarpa,0
s3307,Aster_macrophyllus,1
s3307,Betula_papyrifera,0
s3307,Carex_spp,38
s3307,Comptonia_peregrina,0
s3307,Coptis_trifolia,0
s3307,Cornus_canadensis,0
s3307,Corylus_americana,0
s3307,Cypripedium_acaule,0
s3307,Diervilla_lonicera,2
s3307,Epigaea_repens,0
s3307,Euthamia_graminifolia,0
s3307,Fragaria_virginiana,0
s3307,Galium_triflorum,0
s3307,Gaultheria_procumbens,6
s3307,Gaylussacia_baccata,17
s3307,Hieracium_aurantiacum,1
s3307,Ilex_verticillata,4
s3307,Krigia_biflora,1
s3307,Lycopodium_clavatum,1
s3307,Lysimachia_quadrifolia,0
s3307,Maianthemum_canadense,28
s3307,Maianthemum_racemosum,2
s3307,Melampyrum_lineare,1
s3307,Mitchella_repens,14
s3307,Osmunda_cinnamomea,0
s3307,Osmunda_claytoniana,0
s3307,Phalaris_arundinacea,0
s3307,Pinus_banksiana,0
s3307,Pinus_resinosa,0
s3307,Pinus_strobus,14
s3307,Poa_spp,7
s3307,Populus_grandidentata,1
s3307,Populus_tremuloides,0
s3307,Potentilla_simplex,1
s3307,Prunus_serotina,0
s3307,Prunus_virginiana,0
s3307,Pyrola_rotundifolia,0
s3307,Quercus_alba,10
s3307,Quercus_ellipsoidalis,43
s3307,Rhamnus_frangula,7
s3307,Rosa_spp,1
s3307,Rubus_spp,6
s3307,Smilax_tamnoides,0
s3307,Spiraea_alba,0
s3307,Toxicodendron_rydbergii,0
s3307,Trientalis_borealis,0
s3307,Uvularia_sessilifolia,1
s3307,Vaccinium_angustifolium,44
s3307,Viburnum_acerifolium,0
s3307,Viola_spp,0
s3308,Acer_rubrum,38
s3308,Anemone_quinquefolia,0
s3308,Apocynum_androsaemifolium,5
s3308,Aralia_nudicaulis,5
s3308,Aronia_melanocarpa,0
s3308,Aster_macrophyllus,2
s3308,Betula_papyrifera,1
s3308,Carex_spp,28
s3308,Comptonia_peregrina,0
s3308,Coptis_trifolia,0
s3308,Cornus_canadensis,0
s3308,Corylus_americana,0
s3308,Cypripedium_acaule,2
s3308,Diervilla_lonicera,0
s3308,Epigaea_repens,0
s3308,Euthamia_graminifolia,0
s3308,Fragaria_virginiana,0
s3308,Galium_triflorum,0
s3308,Gaultheria_procumbens,25
s3308,Gaylussacia_baccata,32
s3308,Hieracium_aurantiacum,0
s3308,Ilex_verticillata,5
s3308,Krigia_biflora,0
s3308,Lycopodium_clavatum,1
s3308,Lysimachia_quadrifolia,1
s3308,Maianthemum_canadense,10
s3308,Maianthemum_racemosum,0
s3308,Melampyrum_lineare,5
s3308,Mitchella_repens,3
s3308,Osmunda_cinnamomea,2
s3308,Osmunda_claytoniana,0
s3308,Phalaris_arundinacea,0
s3308,Pinus_banksiana,0
s3308,Pinus_resinosa,0
s3308,Pinus_strobus,16
s3308,Poa_spp,0
s3308,Populus_grandidentata,0
s3308,Populus_tremuloides,0
s3308,Potentilla_simplex,0
s3308,Prunus_serotina,0
s3308,Prunus_virginiana,0
s3308,Pyrola_rotundifolia,0
s3308,Quercus_alba,15
s3308,Quercus_ellipsoidalis,7
s3308,Rhamnus_frangula,0
s3308,Rosa_spp,1
s3308,Rubus_spp,11
s3308,Smilax_tamnoides,0
s3308,Spiraea_alba,0
s3308,Toxicodendron_rydbergii,0
s3308,Trientalis_borealis,17
s3308,Uvularia_sessilifolia,0
s3308,Vaccinium_angustifolium,33
s3308,Viburnum_acerifolium,0
s3308,Viola_spp,0
s3309,Acer_rubrum,29
s3309,Anemone_quinquefolia,0
s3309,Apocynum_androsaemifolium,0
s3309,Aralia_nudicaulis,0
s3309,Aronia_melanocarpa,0
s3309,Aster_macrophyllus,0
s3309,Betula_papyrifera,0
s3309,Carex_spp,41
s3309,Comptonia_peregrina,0
s3309,Coptis_trifolia,0
s3309,Cornus_canadensis,0
s3309,Corylus_americana,0
s3309,Cypripedium_acaule,3
s3309,Diervilla_lonicera,0
s3309,Epigaea_repens,0
s3309,Euthamia_graminifolia,0
s3309,Fragaria_virginiana,0
s3309,Galium_triflorum,0
s3309,Gaultheria_procumbens,14
s3309,Gaylussacia_baccata,46
s3309,Hieracium_aurantiacum,0
s3309,Ilex_verticillata,3
s3309,Krigia_biflora,0
s3309,Lycopodium_clavatum,0
s3309,Lysimachia_quadrifolia,0
s3309,Maianthemum_canadense,18
s3309,Maianthemum_racemosum,0
s3309,Melampyrum_lineare,1
s3309,Mitchella_repens,0
s3309,Osmunda_cinnamomea,0
s3309,Osmunda_claytoniana,0
s3309,Phalaris_arundinacea,0
s3309,Pinus_banksiana,0
s3309,Pinus_resinosa,0
s3309,Pinus_strobus,25
s3309,Poa_spp,0
s3309,Populus_grandidentata,0
s3309,Populus_tremuloides,0
s3309,Potentilla_simplex,0
s3309,Prunus_serotina,0
s3309,Prunus_virginiana,0
s3309,Pyrola_rotundifolia,0
s3309,Quercus_alba,5
s3309,Quercus_ellipsoidalis,20
s3309,Rhamnus_frangula,1
s3309,Rosa_spp,0
s3309,Rubus_spp,4
s3309,Smilax_tamnoides,0
s3309,Spiraea_alba,0
s3309,Toxicodendron_rydbergii,0
s3309,Trientalis_borealis,12
s3309,Uvularia_sessilifolia,0
s3309,Vaccinium_angustifolium,31
s3309,Viburnum_acerifolium,0
s3309,Viola_spp,0
s3311,Acer_rubrum,35
s3311,Anemone_quinquefolia,1
s3311,Apocynum_androsaemifolium,7
s3311,Aralia_nudicaulis,14
s3311,Aronia_melanocarpa,0
s3311,Aster_macrophyllus,6
s3311,Betula_papyrifera,0
s3311,Carex_spp,32
s3311,Comptonia_peregrina,0
s3311,Coptis_trifolia,0
s3311,Cornus_canadensis,2
s3311,Corylus_americana,2
s3311,Cypripedium_acaule,0
s3311,Diervilla_lonicera,7
s3311,Epigaea_repens,0
s3311,Euthamia_graminifolia,0
s3311,Fragaria_virginiana,0
s3311,Galium_triflorum,1
s3311,Gaultheria_procumbens,0
s3311,Gaylussacia_baccata,31
s3311,Hieracium_aurantiacum,0
s3311,Ilex_verticillata,6
s3311,Krigia_biflora,0
s3311,Lycopodium_clavatum,0
s3311,Lysimachia_quadrifolia,2
s3311,Maianthemum_canadense,42
s3311,Maianthemum_racemosum,1
s3311,Melampyrum_lineare,0
s3311,Mitchella_repens,50
s3311,Osmunda_cinnamomea,0
s3311,Osmunda_claytoniana,0
s3311,Phalaris_arundinacea,0
s3311,Pinus_banksiana,0
s3311,Pinus_resinosa,0
s3311,Pinus_strobus,1
s3311,Poa_spp,0
s3311,Populus_grandidentata,0
s3311,Populus_tremuloides,0
s3311,Potentilla_simplex,2
s3311,Prunus_serotina,2
s3311,Prunus_virginiana,0
s3311,Pyrola_rotundifolia,0
s3311,Quercus_alba,15
s3311,Quercus_ellipsoidalis,22
s3311,Rhamnus_frangula,47
s3311,Rosa_spp,1
s3311,Rubus_spp,38
s3311,Smilax_tamnoides,0
s3311,Spiraea_alba,0
s3311,Toxicodendron_rydbergii,0
s3311,Trientalis_borealis,10
s3311,Uvularia_sessilifolia,1
s3311,Vaccinium_angustifolium,31
s3311,Viburnum_acerifolium,3
s3311,Viola_spp,0
s3312,Acer_rubrum,36
s3312,Anemone_quinquefolia,1
s3312,Apocynum_androsaemifolium,1
s3312,Aralia_nudicaulis,0
s3312,Aronia_melanocarpa,0
s3312,Aster_macrophyllus,0
s3312,Betula_papyrifera,0
s3312,Carex_spp,46
s3312,Comptonia_peregrina,0
s3312,Coptis_trifolia,0
s3312,Cornus_canadensis,0
s3312,Corylus_americana,0
s3312,Cypripedium_acaule,0
s3312,Diervilla_lonicera,0
s3312,Epigaea_repens,0
s3312,Euthamia_graminifolia,0
s3312,Fragaria_virginiana,0
s3312,Galium_triflorum,0
s3312,Gaultheria_procumbens,22
s3312,Gaylussacia_baccata,10
s3312,Hieracium_aurantiacum,0
s3312,Ilex_verticillata,0
s3312,Krigia_biflora,0
s3312,Lycopodium_clavatum,0
s3312,Lysimachia_quadrifolia,10
s3312,Maianthemum_canadense,12
s3312,Maianthemum_racemosum,7
s3312,Melampyrum_lineare,0
s3312,Mitchella_repens,14
s3312,Osmunda_cinnamomea,0
s3312,Osmunda_claytoniana,0
s3312,Phalaris_arundinacea,0
s3312,Pinus_banksiana,0
s3312,Pinus_resinosa,0
s3312,Pinus_strobus,23
s3312,Poa_spp,0
s3312,Populus_grandidentata,0
s3312,Populus_tremuloides,0
s3312,Potentilla_simplex,0
s3312,Prunus_serotina,3
s3312,Prunus_virginiana,1
s3312,Pyrola_rotundifolia,1
s3312,Quercus_alba,16
s3312,Quercus_ellipsoidalis,19
s3312,Rhamnus_frangula,33
s3312,Rosa_spp,4
s3312,Rubus_spp,11
s3312,Smilax_tamnoides,0
s3312,Spiraea_alba,0
s3312,Toxicodendron_rydbergii,0
s3312,Trientalis_borealis,2
s3312,Uvularia_sessilifolia,3
s3312,Vaccinium_angustifolium,36
s3312,Viburnum_acerifolium,1
s3312,Viola_spp,0
s3313,Acer_rubrum,15
s3313,Anemone_quinquefolia,0
s3313,Apocynum_androsaemifolium,0
s3313,Aralia_nudicaulis,2
s3313,Aronia_melanocarpa,5
s3313,Aster_macrophyllus,0
s3313,Betula_papyrifera,0
s3313,Carex_spp,30
s3313,Comptonia_peregrina,0
s3313,Coptis_trifolia,0
s3313,Cornus_canadensis,0
s3313,Corylus_americana,1
s3313,Cypripedium_acaule,0
s3313,Diervilla_lonicera,0
s3313,Epigaea_repens,0
s3313,Euthamia_graminifolia,0
s3313,Fragaria_virginiana,1
s3313,Galium_triflorum,20
s3313,Gaultheria_procumbens,0
s3313,Gaylussacia_baccata,0
s3313,Hieracium_aurantiacum,0
s3313,Ilex_verticillata,8
s3313,Krigia_biflora,0
s3313,Lycopodium_clavatum,0
s3313,Lysimachia_quadrifolia,1
s3313,Maianthemum_canadense,32
s3313,Maianthemum_racemosum,5
s3313,Melampyrum_lineare,0
s3313,Mitchella_repens,14
s3313,Osmunda_cinnamomea,0
s3313,Osmunda_claytoniana,0
s3313,Phalaris_arundinacea,0
s3313,Pinus_banksiana,0
s3313,Pinus_resinosa,0
s3313,Pinus_strobus,0
s3313,Poa_spp,1
s3313,Populus_grandidentata,0
s3313,Populus_tremuloides,0
s3313,Potentilla_simplex,0
s3313,Prunus_serotina,7
s3313,Prunus_virginiana,2
s3313,Pyrola_rotundifolia,0
s3313,Quercus_alba,1
s3313,Quercus_ellipsoidalis,6
s3313,Rhamnus_frangula,24
s3313,Rosa_spp,1
s3313,Rubus_spp,24
s3313,Smilax_tamnoides,1
s3313,Spiraea_alba,0
s3313,Toxicodendron_rydbergii,9
s3313,Trientalis_borealis,1
s3313,Uvularia_sessilifolia,6
s3313,Vaccinium_angustifolium,5
s3313,Viburnum_acerifolium,2
s3313,Viola_spp,0
s3315,Acer_rubrum,36
s3315,Anemone_quinquefolia,4
s3315,Apocynum_androsaemifolium,1
s3315,Aralia_nudicaulis,4
s3315,Aronia_melanocarpa,14
s3315,Aster_macrophyllus,1
s3315,Betula_papyrifera,0
s3315,Carex_spp,31
s3315,Comptonia_peregrina,0
s3315,Coptis_trifolia,10
s3315,Cornus_canadensis,21
s3315,Corylus_americana,6
s3315,Cypripedium_acaule,1
s3315,Diervilla_lonicera,0
s3315,Epigaea_repens,0
s3315,Euthamia_graminifolia,0
s3315,Fragaria_virginiana,0
s3315,Galium_triflorum,1
s3315,Gaultheria_procumbens,5
s3315,Gaylussacia_baccata,30
s3315,Hieracium_aurantiacum,0
s3315,Ilex_verticillata,11
s3315,Krigia_biflora,0
s3315,Lycopodium_clavatum,0
s3315,Lysimachia_quadrifolia,0
s3315,Maianthemum_canadense,35
s3315,Maianthemum_racemosum,9
s3315,Melampyrum_lineare,0
s3315,Mitchella_repens,38
s3315,Osmunda_cinnamomea,4
s3315,Osmunda_claytoniana,1
s3315,Phalaris_arundinacea,3
s3315,Pinus_banksiana,0
s3315,Pinus_resinosa,0
s3315,Pinus_strobus,34
s3315,Poa_spp,0
s3315,Populus_grandidentata,0
s3315,Populus_tremuloides,4
s3315,Potentilla_simplex,0
s3315,Prunus_serotina,7
s3315,Prunus_virginiana,0
s3315,Pyrola_rotundifolia,1
s3315,Quercus_alba,0
s3315,Quercus_ellipsoidalis,26
s3315,Rhamnus_frangula,4
s3315,Rosa_spp,0
s3315,Rubus_spp,44
s3315,Smilax_tamnoides,1
s3315,Spiraea_alba,0
s3315,Toxicodendron_rydbergii,0
s3315,Trientalis_borealis,20
s3315,Uvularia_sessilifolia,0
s3315,Vaccinium_angustifolium,35
s3315,Viburnum_acerifolium,0
s3315,Viola_spp,1
s3316,Acer_rubrum,42
s3316,Anemone_quinquefolia,0
s3316,Apocynum_androsaemifolium,0
s3316,Aralia_nudicaulis,8
s3316,Aronia_melanocarpa,5
s3316,Aster_macrophyllus,1
s3316,Betula_papyrifera,1
s3316,Carex_spp,26
s3316,Comptonia_peregrina,0
s3316,Coptis_trifolia,0
s3316,Cornus_canadensis,1
s3316,Corylus_americana,0
s3316,Cypripedium_acaule,0
s3316,Diervilla_lonicera,1
s3316,Epigaea_repens,0
s3316,Euthamia_graminifolia,0
s3316,Fragaria_virginiana,0
s3316,Galium_triflorum,0
s3316,Gaultheria_procumbens,3
s3316,Gaylussacia_baccata,7
s3316,Hieracium_aurantiacum,0
s3316,Ilex_verticillata,2
s3316,Krigia_biflora,0
s3316,Lycopodium_clavatum,0
s3316,Lysimachia_quadrifolia,1
s3316,Maianthemum_canadense,2
s3316,Maianthemum_racemosum,2
s3316,Melampyrum_lineare,0
s3316,Mitchella_repens,1
s3316,Osmunda_cinnamomea,5
s3316,Osmunda_claytoniana,3
s3316,Phalaris_arundinacea,0
s3316,Pinus_banksiana,2
s3316,Pinus_resinosa,0
s3316,Pinus_strobus,2
s3316,Poa_spp,0
s3316,Populus_grandidentata,0
s3316,Populus_tremuloides,0
s3316,Potentilla_simplex,1
s3316,Prunus_serotina,9
s3316,Prunus_virginiana,0
s3316,Pyrola_rotundifolia,0
s3316,Quercus_alba,17
s3316,Quercus_ellipsoidalis,0
s3316,Rhamnus_frangula,0
s3316,Rosa_spp,1
s3316,Rubus_spp,9
s3316,Smilax_tamnoides,0
s3316,Spiraea_alba,0
s3316,Toxicodendron_rydbergii,0
s3316,Trientalis_borealis,18
s3316,Uvularia_sessilifolia,1
s3316,Vaccinium_angustifolium,22
s3316,Viburnum_acerifolium,2
s3316,Viola_spp,0
s3317,Acer_rubrum,43
s3317,Anemone_quinquefolia,0
s3317,Apocynum_androsaemifolium,2
s3317,Aralia_nudicaulis,0
s3317,Aronia_melanocarpa,20
s3317,Aster_macrophyllus,0
s3317,Betula_papyrifera,1
s3317,Carex_spp,13
s3317,Comptonia_peregrina,2
s3317,Coptis_trifolia,0
s3317,Cornus_canadensis,4
s3317,Corylus_americana,0
s3317,Cypripedium_acaule,2
s3317,Diervilla_lonicera,0
s3317,Epigaea_repens,0
s3317,Euthamia_graminifolia,2
s3317,Fragaria_virginiana,0
s3317,Galium_triflorum,0
s3317,Gaultheria_procumbens,41
s3317,Gaylussacia_baccata,41
s3317,Hieracium_aurantiacum,0
s3317,Ilex_verticillata,5
s3317,Krigia_biflora,0
s3317,Lycopodium_clavatum,0
s3317,Lysimachia_quadrifolia,3
s3317,Maianthemum_canadense,22
s3317,Maianthemum_racemosum,0
s3317,Melampyrum_lineare,5
s3317,Mitchella_repens,0
s3317,Osmunda_cinnamomea,0
s3317,Osmunda_claytoniana,1
s3317,Phalaris_arundinacea,0
s3317,Pinus_banksiana,1
s3317,Pinus_resinosa,2
s3317,Pinus_strobus,2
s3317,Poa_spp,0
s3317,Populus_grandidentata,0
s3317,Populus_tremuloides,0
s3317,Potentilla_simplex,0
s3317,Prunus_serotina,0
s3317,Prunus_virginiana,0
s3317,Pyrola_rotundifolia,0
s3317,Quercus_alba,1
s3317,Quercus_ellipsoidalis,20
s3317,Rhamnus_frangula,0
s3317,Rosa_spp,0
s3317,Rubus_spp,49
s3317,Smilax_tamnoides,0
s3317,Spiraea_alba,10
s3317,Toxicodendron_rydbergii,0
s3317,Trientalis_borealis,30
s3317,Uvularia_sessilifolia,3
s3317,Vaccinium_angustifolium,42
s3317,Viburnum_acerifolium,0
s3317,Viola_spp,0
s3318,Acer_rubrum,21
s3318,Anemone_quinquefolia,0
s3318,Apocynum_androsaemifolium,6
s3318,Aralia_nudicaulis,0
s3318,Aronia_melanocarpa,1
s3318,Aster_macrophyllus,0
s3318,Betula_papyrifera,0
s3318,Carex_spp,43
s3318,Comptonia_peregrina,0
s3318,Coptis_trifolia,0
s3318,Cornus_canadensis,0
s3318,Corylus_americana,12
s3318,Cypripedium_acaule,0
s3318,Diervilla_lonicera,2
s3318,Epigaea_repens,0
s3318,Euthamia_graminifolia,0
s3318,Fragaria_virginiana,4
s3318,Galium_triflorum,0
s3318,Gaultheria_procumbens,5
s3318,Gaylussacia_baccata,0
s3318,Hieracium_aurantiacum,2
s3318,Ilex_verticillata,2
s3318,Krigia_biflora,0
s3318,Lycopodium_clavatum,1
s3318,Lysimachia_quadrifolia,30
s3318,Maianthemum_canadense,13
s3318,Maianthemum_racemosum,0
s3318,Melampyrum_lineare,0
s3318,Mitchella_repens,11
s3318,Osmunda_cinnamomea,0
s3318,Osmunda_claytoniana,0
s3318,Phalaris_arundinacea,0
s3318,Pinus_banksiana,0
s3318,Pinus_resinosa,0
s3318,Pinus_strobus,22
s3318,Poa_spp,0
s3318,Populus_grandidentata,0
s3318,Populus_tremuloides,0
s3318,Potentilla_simplex,0
s3318,Prunus_serotina,22
s3318,Prunus_virginiana,1
s3318,Pyrola_rotundifolia,0
s3318,Quercus_alba,0
s3318,Quercus_ellipsoidalis,28
s3318,Rhamnus_frangula,2
s3318,Rosa_spp,5
s3318,Rubus_spp,44
s3318,Smilax_tamnoides,0
s3318,Spiraea_alba,0
s3318,Toxicodendron_rydbergii,0
s3318,Trientalis_borealis,3
s3318,Uvularia_sessilifolia,0
s3318,Vaccinium_angustifolium,40
s3318,Viburnum_acerifolium,0
s3318,Viola_spp,0
s3320,Acer_rubrum,26
s3320,Anemone_quinquefolia,0
s3320,Apocynum_androsaemifolium,0
s3320,Aralia_nudicaulis,0
s3320,Aronia_melanocarpa,6
s3320,Aster_macrophyllus,2
s3320,Betula_papyrifera,0
s3320,Carex_spp,27
s3320,Comptonia_peregrina,2
s3320,Coptis_trifolia,0
s3320,Cornus_canadensis,2
s3320,Corylus_americana,0
s3320,Cypripedium_acaule,0
s3320,Diervilla_lonicera,0
s3320,Epigaea_repens,2
s3320,Euthamia_graminifolia,1
s3320,Fragaria_virginiana,1
s3320,Galium_triflorum,0
s3320,Gaultheria_procumbens,7
s3320,Gaylussacia_baccata,43
s3320,Hieracium_aurantiacum,0
s3320,Ilex_verticillata,5
s3320,Krigia_biflora,0
s3320,Lycopodium_clavatum,0
s3320,Lysimachia_quadrifolia,6
s3320,Maianthemum_canadense,2
s3320,Maianthemum_racemosum,0
s3320,Melampyrum_lineare,0
s3320,Mitchella_repens,8
s3320,Osmunda_cinnamomea,4
s3320,Osmunda_claytoniana,0
s3320,Phalaris_arundinacea,1
s3320,Pinus_banksiana,0
s3320,Pinus_resinosa,0
s3320,Pinus_strobus,17
s3320,Poa_spp,0
s3320,Populus_grandidentata,0
s3320,Populus_tremuloides,0
s3320,Potentilla_simplex,1
s3320,Prunus_serotina,10
s3320,Prunus_virginiana,0
s3320,Pyrola_rotundifolia,0
s3320,Quercus_alba,0
s3320,Quercus_ellipsoidalis,5
s3320,Rhamnus_frangula,2
s3320,Rosa_spp,0
s3320,Rubus_spp,43
s3320,Smilax_tamnoides,0
s3320,Spiraea_alba,0
s3320,Toxicodendron_rydbergii,0
s3320,Trientalis_borealis,7
s3320,Uvularia_sessilifolia,0
s3320,Vaccinium_angustifolium,46
s3320,Viburnum_acerifolium,0
s3320,Viola_spp,0
s3322,Acer_rubrum,32
s3322,Anemone_quinquefolia,3
s3322,Apocynum_androsaemifolium,0
s3322,Aralia_nudicaulis,5
s3322,Aronia_melanocarpa,8
s3322,Aster_macrophyllus,0
s3322,Betula_papyrifera,0
s3322,Carex_spp,34
s3322,Comptonia_peregrina,0
s3322,Coptis_trifolia,7
s3322,Cornus_canadensis,20
s3322,Corylus_americana,0
s3322,Cypripedium_acaule,1
s3322,Diervilla_lonicera,0
s3322,Epigaea_repens,0
s3322,Euthamia_graminifolia,0
s3322,Fragaria_virginiana,0
s3322,Galium_triflorum,0
s3322,Gaultheria_procumbens,7
s3322,Gaylussacia_baccata,30
s3322,Hieracium_aurantiacum,0
s3322,Ilex_verticillata,16
s3322,Krigia_biflora,0
s3322,Lycopodium_clavatum,1
s3322,Lysimachia_quadrifolia,3
s3322,Maianthemum_canadense,27
s3322,Maianthemum_racemosum,0
s3322,Melampyrum_lineare,0
s3322,Mitchella_repens,1
s3322,Osmunda_cinnamomea,7
s3322,Osmunda_claytoniana,0
s3322,Phalaris_arundinacea,4
s3322,Pinus_banksiana,0
s3322,Pinus_resinosa,0
s3322,Pinus_strobus,25
s3322,Poa_spp,0
s3322,Populus_grandidentata,0
s3322,Populus_tremuloides,0
s3322,Potentilla_simplex,0
s3322,Prunus_serotina,4
s3322,Prunus_virginiana,0
s3322,Pyrola_rotundifolia,0
s3322,Quercus_alba,0
s3322,Quercus_ellipsoidalis,23
s3322,Rhamnus_frangula,1
s3322,Rosa_spp,0
s3322,Rubus_spp,35
s3322,Smilax_tamnoides,0
s3322,Spiraea_alba,1
s3322,Toxicodendron_rydbergii,0
s3322,Trientalis_borealis,26
s3322,Uvularia_sessilifolia,1
s3322,Vaccinium_angustifolium,39
s3322,Viburnum_acerifolium,0
s3322,Viola_spp,1
s3323,Acer_rubrum,41
s3323,Anemone_quinquefolia,1
s3323,Apocynum_androsaemifolium,0
s3323,Aralia_nudicaulis,6
s3323,Aronia_melanocarpa,4
s3323,Aster_macrophyllus,5
s3323,Betula_papyrifera,1
s3323,Carex_spp,32
s3323,Comptonia_peregrina,0
s3323,Coptis_trifolia,17
s3323,Cornus_canadensis,23
s3323,Corylus_americana,9
s3323,Cypripedium_acaule,6
s3323,Diervilla_lonicera,2
s3323,Epigaea_repens,1
s3323,Euthamia_graminifolia,0
s3323,Fragaria_virginiana,0
s3323,Galium_triflorum,0
s3323,Gaultheria_procumbens,2
s3323,Gaylussacia_baccata,8
s3323,Hieracium_aurantiacum,0
s3323,Ilex_verticillata,8
s3323,Krigia_biflora,0
s3323,Lycopodium_clavatum,0
s3323,Lysimachia_quadrifolia,2
s3323,Maianthemum_canadense,47
s3323,Maianthemum_racemosum,1
s3323,Melampyrum_lineare,0
s3323,Mitchella_repens,23
s3323,Osmunda_cinnamomea,30
s3323,Osmunda_claytoniana,1
s3323,Phalaris_arundinacea,0
s3323,Pinus_banksiana,0
s3323,Pinus_resinosa,0
s3323,Pinus_strobus,24
s3323,Poa_spp,0
s3323,Populus_grandidentata,0
s3323,Populus_tremuloides,0
s3323,Potentilla_simplex,0
s3323,Prunus_serotina,3
s3323,Prunus_virginiana,0
s3323,Pyrola_rotundifolia,2
s3323,Quercus_alba,0
s3323,Quercus_ellipsoidalis,11
s3323,Rhamnus_frangula,32
s3323,Rosa_spp,1
s3323,Rubus_spp,48
s3323,Smilax_tamnoides,0
s3323,Spiraea_alba,0
s3323,Toxicodendron_rydbergii,0
s3323,Trientalis_borealis,12
s3323,Uvularia_sessilifolia,1
s3323,Vaccinium_angustifolium,27
s3323,Viburnum_acerifolium,0
s3323,Viola_spp,6
s3325,Acer_rubrum,41
s3325,Anemone_quinquefolia,0
s3325,Apocynum_androsaemifolium,1
s3325,Aralia_nudicaulis,1
s3325,Aronia_melanocarpa,4
s3325,Aster_macrophyllus,0
s3325,Betula_papyrifera,0
s3325,Carex_spp,36
s3325,Comptonia_peregrina,0
s3325,Coptis_trifolia,0
s3325,Cornus_canadensis,8
s3325,Corylus_americana,0
s3325,Cypripedium_acaule,1
s3325,Diervilla_lonicera,0
s3325,Epigaea_repens,0
s3325,Euthamia_graminifolia,0
s3325,Fragaria_virginiana,0
s3325,Galium_triflorum,0
s3325,Gaultheria_procumbens,10
s3325,Gaylussacia_baccata,23
s3325,Hieracium_aurantiacum,0
s3325,Ilex_verticillata,10
s3325,Krigia_biflora,0
s3325,Lycopodium_clavatum,0
s3325,Lysimachia_quadrifolia,1
s3325,Maianthemum_canadense,21
s3325,Maianthemum_racemosum,3
s3325,Melampyrum_lineare,0
s3325,Mitchella_repens,22
s3325,Osmunda_cinnamomea,2
s3325,Osmunda_claytoniana,0
s3325,Phalaris_arundinacea,0
s3325,Pinus_banksiana,1
s3325,Pinus_resinosa,0
s3325,Pinus_strobus,30
s3325,Poa_spp,0
s3325,Populus_grandidentata,0
s3325,Populus_tremuloides,1
s3325,Potentilla_simplex,0
s3325,Prunus_serotina,20
s3325,Prunus_virginiana,0
s3325,Pyrola_rotundifolia,0
s3325,Quercus_alba,0
s3325,Quercus_ellipsoidalis,14
s3325,Rhamnus_frangula,1
s3325,Rosa_spp,0
s3325,Rubus_spp,24
s3325,Smilax_tamnoides,0
s3325,Spiraea_alba,0
s3325,Toxicodendron_rydbergii,0
s3325,Trientalis_borealis,10
s3325,Uvularia_sessilifolia,9
s3325,Vaccinium_angustifolium,39
s3325,Viburnum_acerifolium,0
s3325,Viola_spp,0
s3326,Acer_rubrum,29
s3326,Anemone_quinquefolia,0
s3326,Apocynum_androsaemifolium,0
s3326,Aralia_nudicaulis,0
s3326,Aronia_melanocarpa,5
s3326,Aster_macrophyllus,0
s3326,Betula_papyrifera,0
s3326,Carex_spp,44
s3326,Comptonia_peregrina,0
s3326,Coptis_trifolia,0
s3326,Cornus_canadensis,22
s3326,Corylus_americana,0
s3326,Cypripedium_acaule,0
s3326,Diervilla_lonicera,0
s3326,Epigaea_repens,0
s3326,Euthamia_graminifolia,0
s3326,Fragaria_virginiana,1
s3326,Galium_triflorum,0
s3326,Gaultheria_procumbens,20
s3326,Gaylussacia_baccata,41
s3326,Hieracium_aurantiacum,0
s3326,Ilex_verticillata,1
s3326,Krigia_biflora,0
s3326,Lycopodium_clavatum,0
s3326,Lysimachia_quadrifolia,6
s3326,Maianthemum_canadense,40
s3326,Maianthemum_racemosum,0
s3326,Melampyrum_lineare,0
s3326,Mitchella_repens,1
s3326,Osmunda_cinnamomea,5
s3326,Osmunda_claytoniana,0
s3326,Phalaris_arundinacea,1
s3326,Pinus_banksiana,0
s3326,Pinus_resinosa,0
s3326,Pinus_strobus,18
s3326,Poa_spp,4
s3326,Populus_grandidentata,0
s3326,Populus_tremuloides,0
s3326,Potentilla_simplex,0
s3326,Prunus_serotina,0
s3326,Prunus_virginiana,0
s3326,Pyrola_rotundifolia,0
s3326,Quercus_alba,9
s3326,Quercus_ellipsoidalis,28
s3326,Rhamnus_frangula,0
s3326,Rosa_spp,0
s3326,Rubus_spp,48
s3326,Smilax_tamnoides,0
s3326,Spiraea_alba,2
s3326,Toxicodendron_rydbergii,0
s3326,Trientalis_borealis,22
s3326,Uvularia_sessilifolia,0
s3326,Vaccinium_angustifolium,39
s3326,Viburnum_acerifolium,0
s3326,Viola_spp,0
s3328,Acer_rubrum,27
s3328,Anemone_quinquefolia,4
s3328,Apocynum_androsaemifolium,0
s3328,Aralia_nudicaulis,0
s3328,Aronia_melanocarpa,0
s3328,Aster_macrophyllus,0
s3328,Betula_papyrifera,0
s3328,Carex_spp,27
s3328,Comptonia_peregrina,0
s3328,Coptis_trifolia,1
s3328,Cornus_canadensis,0
s3328,Corylus_americana,0
s3328,Cypripedium_acaule,0
s3328,Diervilla_lonicera,0
s3328,Epigaea_repens,0
s3328,Euthamia_graminifolia,0
s3328,Fragaria_virginiana,0
s3328,Galium_triflorum,0
s3328,Gaultheria_procumbens,6
s3328,Gaylussacia_baccata,11
s3328,Hieracium_aurantiacum,0
s3328,Ilex_verticillata,7
s3328,Krigia_biflora,0
s3328,Lycopodium_clavatum,0
s3328,Lysimachia_quadrifolia,0
s3328,Maianthemum_canadense,8
s3328,Maianthemum_racemosum,0
s3328,Melampyrum_lineare,0
s3328,Mitchella_repens,43
s3328,Osmunda_cinnamomea,2
s3328,Osmunda_claytoniana,0
s3328,Phalaris_arundinacea,0
s3328,Pinus_banksiana,0
s3328,Pinus_resinosa,0
s3328,Pinus_strobus,25
s3328,Poa_spp,0
s3328,Populus_grandidentata,0
s3328,Populus_tremuloides,0
s3328,Potentilla_simplex,1
s3328,Prunus_serotina,0
s3328,Prunus_virginiana,0
s3328,Pyrola_rotundifolia,0
s3328,Quercus_alba,1
s3328,Quercus_ellipsoidalis,6
s3328,Rhamnus_frangula,0
s3328,Rosa_spp,0
s3328,Rubus_spp,22
s3328,Smilax_tamnoides,0
s3328,Spiraea_alba,0
s3328,Toxicodendron_rydbergii,1
s3328,Trientalis_borealis,2
s3328,Uvularia_sessilifolia,0
s3328,Vaccinium_angustifolium,12
s3328,Viburnum_acerifolium,0
s3328,Viola_spp,0
s3329,Acer_rubrum,39
s3329,Anemone_quinquefolia,0
s3329,Apocynum_androsaemifolium,1
s3329,Aralia_nudicaulis,1
s3329,Aronia_melanocarpa,3
s3329,Aster_macrophyllus,0
s3329,Betula_papyrifera,2
s3329,Carex_spp,19
s3329,Comptonia_peregrina,0
s3329,Coptis_trifolia,0
s3329,Cornus_canadensis,11
s3329,Corylus_americana,0
s3329,Cypripedium_acaule,0
s3329,Diervilla_lonicera,0
s3329,Epigaea_repens,3
s3329,Euthamia_graminifolia,0
s3329,Fragaria_virginiana,0
s3329,Galium_triflorum,0
s3329,Gaultheria_procumbens,7
s3329,Gaylussacia_baccata,20
s3329,Hieracium_aurantiacum,0
s3329,Ilex_verticillata,4
s3329,Krigia_biflora,0
s3329,Lycopodium_clavatum,3
s3329,Lysimachia_quadrifolia,4
s3329,Maianthemum_canadense,16
s3329,Maianthemum_racemosum,6
s3329,Melampyrum_lineare,0
s3329,Mitchella_repens,2
s3329,Osmunda_cinnamomea,1
s3329,Osmunda_claytoniana,0
s3329,Phalaris_arundinacea,0
s3329,Pinus_banksiana,0
s3329,Pinus_resinosa,0
s3329,Pinus_strobus,12
s3329,Poa_spp,3
s3329,Populus_grandidentata,0
s3329,Populus_tremuloides,0
s3329,Potentilla_simplex,0
s3329,Prunus_serotina,1
s3329,Prunus_virginiana,0
s3329,Pyrola_rotundifolia,0
s3329,Quercus_alba,1
s3329,Quercus_ellipsoidalis,17
s3329,Rhamnus_frangula,0
s3329,Rosa_spp,0
s3329,Rubus_spp,34
s3329,Smilax_tamnoides,0
s3329,Spiraea_alba,0
s3329,Toxicodendron_rydbergii,0
s3329,Trientalis_borealis,20
s3329,Uvularia_sessilifolia,8
s3329,Vaccinium_angustifolium,43
s3329,Viburnum_acerifolium,0
s3329,Viola_spp,0
s3330,Acer_rubrum,11
s3330,Anemone_quinquefolia,0
s3330,Apocynum_androsaemifolium,0
s3330,Aralia_nudicaulis,0
s3330,Aronia_melanocarpa,0
s3330,Aster_macrophyllus,1
s3330,Betula_papyrifera,1
s3330,Carex_spp,45
s3330,Comptonia_peregrina,0
s3330,Coptis_trifolia,0
s3330,Cornus_canadensis,0
s3330,Corylus_americana,0
s3330,Cypripedium_acaule,0
s3330,Diervilla_lonicera,0
s3330,Epigaea_repens,0
s3330,Euthamia_graminifolia,0
s3330,Fragaria_virginiana,0
s3330,Galium_triflorum,0
s3330,Gaultheria_procumbens,2
s3330,Gaylussacia_baccata,25
s3330,Hieracium_aurantiacum,0
s3330,Ilex_verticillata,2
s3330,Krigia_biflora,1
s3330,Lycopodium_clavatum,0
s3330,Lysimachia_quadrifolia,1
s3330,Maianthemum_canadense,25
s3330,Maianthemum_racemosum,0
s3330,Melampyrum_lineare,0
s3330,Mitchella_repens,0
s3330,Osmunda_cinnamomea,0
s3330,Osmunda_claytoniana,0
s3330,Phalaris_arundinacea,0
s3330,Pinus_banksiana,4
s3330,Pinus_resinosa,0
s3330,Pinus_strobus,4
s3330,Poa_spp,0
s3330,Populus_grandidentata,0
s3330,Populus_tremuloides,0
s3330,Potentilla_simplex,0
s3330,Prunus_serotina,1
s3330,Prunus_virginiana,0
s3330,Pyrola_rotundifolia,0
s3330,Quercus_alba,4
s3330,Quercus_ellipsoidalis,38
s3330,Rhamnus_frangula,0
s3330,Rosa_spp,0
s3330,Rubus_spp,6
s3330,Smilax_tamnoides,0
s3330,Spiraea_alba,0
s3330,Toxicodendron_rydbergii,0
s3330,Trientalis_borealis,0
s3330,Uvularia_sessilifolia,0
s3330,Vaccinium_angustifolium,19
s3330,Viburnum_acerifolium,0
s3330,Viola_spp,1
s3332,Acer_rubrum,28
s3332,Anemone_quinquefolia,15
s3332,Apocynum_androsaemifolium,1
s3332,Aralia_nudicaulis,2
s3332,Aronia_melanocarpa,13
s3332,Aster_macrophyllus,5
s3332,Betula_papyrifera,0
s3332,Carex_spp,48
s3332,Comptonia_peregrina,0
s3332,Coptis_trifolia,0
s3332,Cornus_canadensis,3
s3332,Corylus_americana,10
s3332,Cypripedium_acaule,0
s3332,Diervilla_lonicera,1
s3332,Epigaea_repens,0
s3332,Euthamia_graminifolia,1
s3332,Fragaria_virginiana,1
s3332,Galium_triflorum,0
s3332,Gaultheria_procumbens,7
s3332,Gaylussacia_baccata,4
s3332,Hieracium_aurantiacum,0
s3332,Ilex_verticillata,10
s3332,Krigia_biflora,0
s3332,Lycopodium_clavatum,0
s3332,Lysimachia_quadrifolia,0
s3332,Maianthemum_canadense,14
s3332,Maianthemum_racemosum,1
s3332,Melampyrum_lineare,0
s3332,Mitchella_repens,2
s3332,Osmunda_cinnamomea,18
s3332,Osmunda_claytoniana,0
s3332,Phalaris_arundinacea,0
s3332,Pinus_banksiana,0
s3332,Pinus_resinosa,0
s3332,Pinus_strobus,2
s3332,Poa_spp,5
s3332,Populus_grandidentata,0
s3332,Populus_tremuloides,8
s3332,Potentilla_simplex,3
s3332,Prunus_serotina,24
s3332,Prunus_virginiana,0
s3332,Pyrola_rotundifolia,3
s3332,Quercus_alba,10
s3332,Quercus_ellipsoidalis,10
s3332,Rhamnus_frangula,0
s3332,Rosa_spp,0
s3332,Rubus_spp,25
s3332,Smilax_tamnoides,15
s3332,Spiraea_alba,0
s3332,Toxicodendron_rydbergii,3
s3332,Trientalis_borealis,15
s3332,Uvularia_sessilifolia,9
s3332,Vaccinium_angustifolium,10
s3332,Viburnum_acerifolium,5
s3332,Viola_spp,0
